,image_id,category,width(bbox),height(bbox),area,perimeter,solidity,circularity,eccentricity,majorAxis,minorAxis,angle,center_x,center_y,hu1,hu2,hu3,hu4,hu5,hu6,hu7,confidence,unit
0,MHR.6768.jpg,autozooid,473.63720703125,431.9660339355469,142491.0,1476.3960955142975,0.9755581572082896,0.8214696495601858,0.870010810391884,459.9207763671875,400.13604736328125,7.125016689300537,982,542,0.16719716894782527,0.0022335628225987063,4.339458372151713e-05,7.202324397201069e-07,-3.701934090885409e-12,-3.0365070534021117e-08,-1.5837668248197544e-12,0.9999304,pixels
1,MHR.6768.jpg,autozooid,388.1026611328125,568.03955078125,148640.5,1590.7463792562485,0.9497370724632125,0.7381508679705477,0.7558331831016937,517.6603393554688,391.2648620605469,22.89055061340332,376,1726,0.1734337262907583,0.0033941768829115295,0.0002606547834074591,3.6132174719799853e-06,-2.235942747512987e-12,-6.442605990649706e-09,-1.108627611277551e-10,0.99992394,pixels
2,MHR.6768.jpg,autozooid,366.82440185546875,499.7061767578125,124303.0,1414.3372164964676,0.9727282686950262,0.7808822217874097,0.7597440649861439,468.8499450683594,356.2059631347656,72.4075698852539,662,1493,0.16788354373659148,0.0023089772078969195,8.954909665553779e-05,3.2653028407989075e-06,5.314974064329271e-11,1.28620859125793e-07,-1.7110978258151526e-11,0.9998996,pixels
3,MHR.6768.jpg,autozooid,383.2919616699219,557.0003662109375,127998.5,1508.4621081352234,0.9429820683964697,0.706880389519951,0.705052564558197,510.7535400390625,360.10809326171875,72.89727020263672,464,1156,0.18216632324087537,0.005916574974069565,0.0004579328769033367,4.60827216950634e-05,6.615368210749499e-09,3.488591968860736e-06,1.0252605136213155e-09,0.9998709,pixels
4,MHR.6768.jpg,autozooid,364.968994140625,480.871337890625,117621.5,1374.3788474798203,0.9592436734926887,0.7824987502807957,0.9090076846119904,419.1265869140625,380.9892883300781,47.827125549316406,928,1702,0.1700269602248007,0.002685877619308631,3.751678478619734e-05,4.666250088625976e-06,5.051366445903846e-11,2.334923848382642e-07,3.549881214574482e-11,0.99982315,pixels
5,MHR.6768.jpg,autozooid,355.4669189453125,460.3909912109375,117465.0,1433.1656424999237,0.9297015362454194,0.7186634709892619,0.7434503758695874,452.2999572753906,336.2625732421875,5.774326324462891,1067,2033,0.17314024616791923,0.0027604568305416863,0.0001526264410524543,2.009671954287257e-07,-8.333230679036415e-13,1.017181959111019e-08,7.378240635424591e-13,0.99978703,pixels
6,MHR.6768.jpg,autozooid,468.38555908203125,515.7213134765625,157122.0,1608.6458736658096,0.9552563662174773,0.7630025054332092,0.7530061146562892,534.2149047851562,402.26708984375,55.917049407958984,683,1992,0.16793449734695487,0.0010639720905212383,0.0004062145217036618,4.4569212765966e-06,-1.2784716006135633e-11,-1.1774827079287133e-08,-1.892086603555719e-10,0.99974495,pixels
7,MHR.6768.jpg,autozooid,378.4581298828125,425.66033935546875,110690.0,1328.6214872598648,0.9615392968054379,0.7879809310683868,0.7911489737342217,429.0935974121094,339.4769592285156,32.56907653808594,357,348,0.1641451762118179,0.000887031103885676,5.075471174882397e-05,1.8346464682614411e-06,-6.8827428075832475e-12,-2.4300542805886747e-08,1.6311124373755187e-11,0.9997222,pixels
8,MHR.6768.jpg,autozooid,403.7423095703125,457.59429931640625,107823.0,1345.4499148130417,0.9636647197880033,0.7484903476696158,0.8085211603634274,419.7472229003906,339.37451171875,27.89727020263672,1389,1215,0.16903007351498056,0.0020556722051259203,0.00028410408713153916,3.9633567569759025e-06,-4.970201864888241e-11,-6.2838726405825e-08,1.2335814065796057e-10,0.99970764,pixels
9,MHR.6768.jpg,autozooid,475.016845703125,453.7701416015625,127946.0,1614.1017184257507,0.8825840274544294,0.6171273262166579,0.8501347286512322,473.6240539550781,402.6442565917969,87.99435424804688,1448,1869,0.1877671953986657,0.00649149371243982,0.000188540166166567,5.5503577148055666e-05,3.418684512009881e-09,3.2864316876302622e-06,4.5332660305401794e-09,0.99967897,pixels
10,MHR.6768.jpg,autozooid,405.2408447265625,433.6129150390625,129271.0,1413.3422702550888,0.9765994175351387,0.8132354022363708,0.919687793233186,420.12860107421875,386.38714599609375,3.410944938659668,1662,1482,0.16693882061238102,0.0017548505871876185,0.00013676013055108956,2.8724438471900964e-06,5.693203147292744e-11,1.1140069951604222e-07,7.667331510289001e-14,0.9996427,pixels
11,MHR.6768.jpg,autozooid,437.4659423828125,428.2239990234375,120238.5,1435.2316604852676,0.925855198567771,0.7335156791572345,0.9956453768554476,412.51702880859375,410.7206726074219,58.543174743652344,1370,2226,0.1642484654192634,0.00041934061746478306,6.574522585451647e-05,4.139540114665462e-07,-2.1123333650398666e-12,8.877730340320656e-10,4.4904267172350387e-13,0.99940276,pixels
12,MHR.6768.jpg,autozooid,447.13885498046875,545.9401245117188,153644.5,1578.6875022649765,0.9717293480357589,0.774701756653027,0.710597807164444,534.6668701171875,379.93310546875,33.511016845703125,810,941,0.17134762872437154,0.0030219213135582153,0.0002503834021377943,8.440311958643295e-06,1.5276096048165536e-10,1.221466688392951e-07,3.566709735722762e-10,0.9993387,pixels
13,MHR.6768.jpg,autozooid,371.8056335449219,517.4813232421875,117501.5,1471.0651406049728,0.8965063403170922,0.6823221443418916,0.8550573069606967,433.1558532714844,370.3730773925781,26.348434448242188,593,591,0.16756205506303024,0.0005267507539069022,0.00014100102168233068,8.317061491062356e-06,-1.4274715912310724e-10,1.908056022463809e-07,-2.4646299099308076e-10,0.9991762,pixels
14,MHR.6768.jpg,autozooid,481.2567138671875,463.5465393066406,127857.5,1532.6875048875809,0.8951882515621992,0.6839570629650499,0.923869240456766,446.60003662109375,412.60003662109375,53.13010025024414,744,247,0.16535807111830592,0.00043536136956491545,8.149822584299949e-05,3.327664670832902e-06,-2.094914574162562e-11,1.9650645776676952e-08,5.0638056282319904e-11,0.9989905,pixels
15,MHR.6768.jpg,autozooid,376.00048828125,465.183837890625,116179.0,1384.0529450178146,0.9510785477467152,0.7621353229511496,0.7945273057990593,441.31787109375,350.63909912109375,80.61448669433594,1243,1612,0.16642910932315852,0.0006529921287029289,0.000363755341207308,4.785473955302918e-06,-1.0939175541386016e-10,-2.4239060419235326e-08,-1.6702620663799382e-10,0.99872005,pixels
16,MHR.6768.jpg,autozooid,468.81719970703125,452.727294921875,142047.0,1544.184978723526,0.9422467803400916,0.7485887274065742,0.9534471745763866,433.4839172363281,413.30401611328125,56.853004455566406,1006,1292,0.16346421857378146,0.0005511512916381616,2.548463200343094e-05,2.6484827454572515e-07,-5.3169435140045167e-14,3.3824986577116872e-09,6.860162623299498e-13,0.9987085,pixels
17,MHR.6768.jpg,autozooid,363.52880859375,446.4664306640625,102011.0,1280.6214890480042,0.9591917330349503,0.7816553392532196,0.9830742090815728,374.2695617675781,367.93475341796875,55.491477966308594,1195,811,0.16433258181722782,0.00047126982132811594,0.00017818097601037046,5.735993946692909e-07,5.707691143548424e-12,6.440440253832959e-09,1.0243069450055919e-12,0.9961746,pixels
18,MHR.6768.jpg,autozooid,360.178955078125,428.88372802734375,99542.5,1849.3250235319138,0.8544200578525875,0.365756384212587,0.8536071959438515,403.6358642578125,344.5464782714844,3.9542479515075684,1722,1109,0.1888630733518798,0.001734961307786797,0.0002965466187472234,0.00010626590106316932,1.2087683305187177e-08,4.344917321523781e-06,1.4482551512038035e-08,0.74394447,pixels
19,MHR.6768.jpg,autozooid,305.2843017578125,303.79595947265625,53180.0,1044.9503518342972,0.8647787236464457,0.6120217888782093,0.8758541821263222,285.6974182128906,250.22927856445312,12.528807640075684,1463,949,0.18041925032880463,0.002815731704785361,7.836946643961105e-05,2.2159439902289172e-05,9.233590135398947e-10,1.6781553004736403e-07,-1.2691555051090742e-11,0.6427483,pixels
20,MHR.6768.jpg,orifice,115.75927734375,75.8214111328125,6331.0,319.13708305358887,0.9884465261514442,0.7811377655677362,0.578160597638562,116.2166748046875,67.19190216064453,10.885527610778809,1405,1095,0.18564062726087804,0.008273931770196388,0.0002496921604280961,1.4695374860593578e-05,-2.3770597846931104e-10,-5.81750158250314e-07,-8.578463336034656e-10,0.9974482,pixels
21,MHR.6768.jpg,orifice,121.08236694335938,87.25959777832031,7782.0,348.1076452732086,0.9813985749416735,0.8070008040501007,0.6702238455034322,119.538330078125,80.11743927001953,5.355824947357178,382,206,0.17729216178692167,0.004844892681031037,0.0003404691593546569,1.5225069144192383e-05,-6.514641793977881e-10,-7.071403414683248e-07,-8.815795311110523e-10,0.9971505,pixels
22,MHR.6768.jpg,orifice,121.40966796875,82.91647338867188,7326.5,343.5218594074249,0.976736435141981,0.7801851186941274,0.6055313428797727,122.55432891845703,74.21048736572266,11.142889976501465,1044,413,0.1844727837120078,0.007128596685091831,0.00047366903714996195,2.428723303669696e-05,-1.9694273896979956e-09,-1.6472581661760323e-06,1.7050752796837212e-09,0.99700147,pixels
23,MHR.6768.jpg,orifice,116.413818359375,119.741455078125,10352.0,410.0487699508667,0.9784499054820416,0.7736830822200568,0.9826086956521739,115.0,113.0,90.0,1601,1772,0.16413300195217612,0.0012914815348491467,3.2312744437371995e-05,3.547469189818988e-07,1.2009846154357355e-12,1.0337698265954288e-08,-1.3497833378160983e-14,0.99652123,pixels
24,MHR.6768.jpg,orifice,133.76158142089844,117.84088134765625,11402.0,423.5046135187149,0.9652078218911369,0.7988672349194861,0.8592257557323613,130.8980255126953,112.47095489501953,1.3019527196884155,271,630,0.16891889609072855,0.0005739942324828745,0.0007392317707659098,1.068853563121526e-05,-7.731994692921135e-10,-2.412142624232175e-07,5.521282062654635e-10,0.99595094,pixels
25,MHR.6768.jpg,orifice,117.026611328125,82.28173828125,6241.0,325.9066345691681,0.969626349724229,0.7383761213102408,0.5552332656671073,119.7747573852539,66.5029296875,22.10944938659668,1790,2249,0.19367703531932778,0.010675173339047803,0.0005107642657720464,2.8091992855963256e-05,-3.3005256326876994e-09,-2.8865255941879504e-06,6.555179823620322e-10,0.99121475,pixels
26,MHR.6768.jpg,orifice,119.40106201171875,111.07623291015625,9341.5,387.3208478689194,0.9733263870799688,0.782500699417422,0.7569253109537396,126.71524810791016,95.91397857666016,20.480358123779297,612,482,0.17205368993422326,0.0021005637482936637,0.0005551287282750878,2.038876149395294e-05,-8.399213371952745e-11,-1.99988671235533e-07,-2.1674909348290384e-09,0.9910177,pixels
27,MHR.6768.jpg,orifice,139.3328857421875,116.5677490234375,11253.0,440.1909054517746,0.9285419589075006,0.7297868805142107,0.8151742423183069,133.12643432617188,108.521240234375,89.35625457763672,646,1335,0.17366371500684002,0.0019964859049074195,0.0005926349608481538,2.532277305033513e-05,-3.0755123385507688e-09,-1.1247871865151137e-06,-4.055343056116705e-10,0.9900917,pixels
28,MHR.6768.jpg,orifice,93.4593505859375,102.76348876953125,6126.0,308.39191591739655,0.9864734299516909,0.8094329628130799,0.6402930379329292,108.93885803222656,69.75279235839844,61.3895378112793,1261,749,0.17717755345250608,0.005420207899621676,0.00018688076450391463,7.961692491232453e-06,-1.6467353947959492e-10,-3.8506869831405735e-07,2.5922506107164584e-10,0.9895477,pixels
29,MHR.6768.jpg,orifice,94.7962646484375,114.7103271484375,7213.5,336.2914127111435,0.9844421699078812,0.8015384213558324,0.596596075885253,124.841552734375,74.47998046875,50.82634735107422,1799,1380,0.18404054925388583,0.0074475733808055744,0.0003821257494447085,2.247054900379877e-05,3.9030933696897514e-10,-1.2064287107551694e-08,-2.0452970714689714e-09,0.9890028,pixels
30,MHR.6768.jpg,orifice,134.25363159179688,98.1695556640625,8765.0,377.0193328857422,0.954741027177169,0.7748801632342108,0.7022900763358778,131.0,92.0,90.0,252,2010,0.17812916946956306,0.0042577754598113835,0.0006311664483114233,4.035509325658333e-05,3.7002735580317194e-09,1.0684800627579659e-06,-5.271432144240628e-09,0.98842794,pixels
31,MHR.6768.jpg,orifice,122.58966064453125,107.0621337890625,8413.0,395.3624793291092,0.8895585514142215,0.6763474389321634,0.7917242856670993,118.9548110961914,94.17941284179688,12.665063858032227,982,1544,0.17999832080915484,0.003383219893305332,0.0008096314288627343,5.1196059809562734e-05,-7.744002999632737e-09,-2.4666166689252803e-06,6.9765480281155514e-09,0.98650545,pixels
32,MHR.6768.jpg,orifice,99.34423828125,89.858642578125,5856.0,296.7350608110428,0.9826327712056381,0.8357438799908871,0.7290004329345601,99.5848159790039,72.59737396240234,29.47589111328125,1433,2069,0.16903141037679997,0.002666897030169528,0.00011690118287309969,2.6049037341794376e-06,-4.019502185340171e-11,-1.0237027263451188e-07,2.1228822523645936e-11,0.98594844,pixels
33,MHR.6768.jpg,orifice,112.724365234375,96.684326171875,8530.0,367.2792180776596,0.9699243845585309,0.7946322463867226,0.8566822893021265,109.5527114868164,93.85186767578125,84.47245788574219,1020,2257,0.16663848508419443,0.0008022121358715557,0.0003368558799340556,8.650085356553136e-06,-2.5583284268339373e-10,-1.1359170627219959e-07,-3.9060729993264803e-10,0.9844856,pixels
34,MHR.6768.jpg,orifice,102.066650390625,90.59748840332031,5468.0,307.90663492679596,0.9691598723856788,0.7247701111231712,0.5716167154823909,113.74503326416016,65.01856231689453,37.8065299987793,841,119,0.1910969370312393,0.008188329476589954,0.0011272497587371676,5.432928590047348e-05,-1.0518677519489574e-08,-3.945247002736799e-06,8.37410700122255e-09,0.97657835,pixels
35,MHR.6768.jpg,orifice,123.2359619140625,128.312744140625,10954.0,437.9898953437805,0.9221314925498779,0.7175537165169628,0.9581517345532307,122.35576629638672,117.23538970947266,82.11685943603516,638,1837,0.16696928195194433,0.0001784796481134577,0.00023735682994581694,1.3563393097630017e-05,1.2014131691583527e-10,1.5637422914882732e-07,-7.601436679142551e-10,0.9756393,pixels
36,MHR.6768.jpg,orifice,123.94915771484375,117.4639892578125,10772.5,405.80612874031067,0.980744719592134,0.8220328314271076,0.9661016949152542,118.0,114.0,90.0,373,1550,0.16372940508539136,0.0007296258282039416,0.00017156760500472676,3.06813215694045e-06,6.199919857953845e-11,8.00857827620304e-08,3.333552198562012e-11,0.9705156,pixels
37,MHR.6768.jpg,orifice,96.31396484375,93.6715087890625,6206.0,314.93607342243195,0.9563140457662378,0.7862792565269281,0.7760189237492567,103.7714614868164,80.52861785888672,19.179006576538086,1108,1866,0.1721830248109779,0.002259856236791664,0.0005163963474762653,2.797107381111577e-05,1.7240607612259772e-09,3.974209761934573e-07,-2.8859055216711397e-09,0.9699728,pixels
38,MHR.6768.jpg,orifice,121.7396240234375,107.9576416015625,9316.0,419.563489317894,0.9251700680272109,0.6650341798550247,0.9122807017543859,114.0,104.0,90.0,459,968,0.1713524309108757,0.002258069956135807,0.00017719584563380032,1.1404410281478855e-05,-3.201185805528561e-10,-2.5770662861829016e-07,4.004401815565059e-10,0.9690007,pixels
39,MHR.6768.jpg,orifice,108.883544921875,62.968505859375,4750.5,286.89444267749786,0.9783750386160025,0.72527868600472,0.5389180711180338,107.2004623413086,57.77226638793945,1.0416266918182373,1339,2431,0.19678942234715724,0.01041677434968626,0.0011715023500664357,8.65232436955399e-05,4.0168372767841636e-10,-2.242501350637866e-06,-2.7543846765040498e-08,0.9631304,pixels
40,MHR.6768.jpg,orifice,118.71734619140625,102.797119140625,7918.0,348.1909066438675,0.9741034631235775,0.8207114863066374,0.760067690920998,114.13391876220703,86.74950408935547,20.185802459716797,756,2290,0.16926125079587423,0.002136613821626614,0.0002583522133153,7.973577538342147e-06,-2.8070709574222833e-10,-3.110285000753305e-07,2.2841526612215368e-10,0.94990635,pixels
41,MHR.6768.jpg,orifice,118.93798828125,116.323486328125,8250.5,376.09040009975433,0.9300005636025475,0.7330028052247419,0.7487734599063691,119.35895538330078,89.37281799316406,24.72731590270996,1341,1495,0.17669967611479526,0.003213181537658364,0.0006021658284817731,2.9553955242984827e-05,-3.117947432752608e-09,-1.3020072997701061e-06,-2.4129669040539274e-09,0.93821335,pixels
42,MHR.6768.jpg,orifice,118.08160400390625,104.60791015625,6888.5,343.7472538948059,0.9484372848685116,0.7325816768283744,0.6837772543253217,112.48771667480469,76.91654205322266,29.357755661010742,1087,1129,0.17776726455955189,0.004262346309651409,0.0005048191876844214,2.1319987876680378e-05,-2.210612872042165e-09,-1.3897683053235403e-06,7.284479634790376e-11,0.88348234,pixels
43,MHR.6768.jpg,orifice,124.7769775390625,108.794677734375,7604.0,379.84775948524475,0.9372034263881186,0.6622665712807775,0.6081992118631642,130.49807739257812,79.36882781982422,31.079036712646484,886,821,0.18895044312415626,0.007326232349033794,0.0009536784625349275,4.9104059311077963e-05,-1.0626031920414704e-08,-4.200672344482471e-06,5.569184319728547e-11,0.65943396,pixels
44,MHR.6768.jpg,avicularium,146.43878173828125,77.3251953125,8109.5,371.66399371623993,0.9804146769026174,0.7377393751820275,0.4963018516301177,143.8757781982422,71.40581512451172,7.253194808959961,602,1444,0.20550712359204493,0.016188247556564887,0.000236454664618414,2.0092855755118057e-05,7.294138501558142e-11,-4.729725076809891e-07,1.3830353566599115e-09,0.99911815,pixels
45,MHR.6768.jpg,avicularium,71.897705078125,120.2254638671875,5881.5,307.1787142753601,0.9829531210829782,0.7832776395867571,0.5669534999711755,114.74060821533203,65.0525894165039,80.90972137451172,1512,1774,0.1867659716173075,0.008975344611674249,0.0001842680888444026,9.251162162127397e-06,-2.809951461851769e-10,-7.111671019196133e-07,2.5872042623895613e-10,0.998389,pixels
46,MHR.6768.jpg,avicularium,117.1968994140625,104.6905517578125,7952.0,350.53405225276947,0.9784668389319552,0.8132532519515059,0.653333293395545,124.80755615234375,81.54093170166016,33.690067291259766,1324,1192,0.17701731002455923,0.005405006866987506,0.00010708416496879388,6.042498853294887e-06,1.1124949177027816e-10,3.1039740863134527e-07,1.0605999658368952e-10,0.99751174,pixels
47,MHR.6768.jpg,avicularium,134.69744873046875,88.746826171875,7973.5,356.4335458278656,0.9810519840049216,0.7886816213026425,0.6110414644687517,127.26007843017578,77.76118469238281,25.201122283935547,202,2096,0.181906718039307,0.007309751850883594,5.2548561166267736e-05,3.2203746373739624e-06,-4.9923779215833295e-12,-1.3180613345034652e-07,4.15943251708315e-11,0.9964018,pixels
48,MHR.6768.jpg,avicularium,125.40643310546875,73.3056640625,6706.5,332.6934314966202,0.9799810038722876,0.7614078323564061,0.5609756097560976,123.0,69.0,90.0,1072,520,0.1919391184660556,0.010671525199433658,0.00030797891171681824,2.871084871054203e-05,1.9232526687152566e-09,1.7025640201885594e-06,1.894716381838638e-09,0.9960188,pixels
49,MHR.6768.jpg,avicularium,115.48930358886719,81.1649169921875,6185.5,316.4924223423004,0.9777900727157761,0.7759934269731903,0.5511720920740958,117.6172103881836,64.82732391357422,26.99583625793457,311,298,0.1907574678015385,0.01055121121064817,6.992477761033129e-05,5.223898052938998e-06,-6.898183833178866e-12,-1.1641695835536503e-07,9.960210344587696e-11,0.9959692,pixels
50,MHR.6768.jpg,avicularium,100.3170166015625,77.2161865234375,5446.5,289.8650048971176,0.9851677670254138,0.8145838562265222,0.6641711301555309,101.41499328613281,67.3569107055664,12.52880859375,1041,1962,0.17294085695342343,0.004377150792508428,2.3582251170334116e-05,1.2053168350188258e-06,6.370965896791368e-12,7.916549288071045e-08,-8.396316513370368e-13,0.9935988,pixels
51,MHR.6768.jpg,avicularium,124.94268798828125,82.1090087890625,7313.0,347.76449978351593,0.9699582200411168,0.7598623810792553,0.6341463414634146,123.0,78.0,90.0,325,1666,0.1940692091772942,0.011199626223030432,0.00023946292439114977,1.6886315071239234e-05,2.415511797603847e-10,7.275692112695645e-08,1.0462739789427882e-09,0.99074626,pixels
52,MHR.6768.jpg,avicularium,124.960205078125,91.6116943359375,6676.5,340.63455641269684,0.966068586311677,0.7230716093371439,0.5413942353989011,128.50721740722656,69.57306671142578,17.4027042388916,1326,1606,0.20167192000967016,0.013711986017150433,0.000586790068088939,6.0379932459541424e-05,5.187994266149837e-09,1.2219099025480458e-06,-1.0112092128839044e-08,0.9874802,pixels
53,MHR.6768.jpg,avicularium,120.9710693359375,86.7327880859375,7369.0,339.7645000219345,0.9751224030700013,0.8021626200613631,0.6447172911576197,120.11940002441406,77.44305419921875,82.69424438476562,637,609,0.17791997611519925,0.00557545773893708,0.00021140791997746312,9.232426841952675e-06,-1.0075332948656084e-10,-2.3948822287330817e-07,-3.952422233201984e-10,0.98695564,pixels
54,MHR.6768.jpg,avicularium,79.8251953125,133.6160888671875,7543.0,361.7645000219345,0.9813947436898257,0.7242726358874841,0.4930658599875041,140.96380615234375,69.50444030761719,73.0724868774414,1685,1392,0.20365218210510083,0.015320942570185363,0.0002804198730058618,1.792256322941418e-05,-9.962059340196956e-10,-1.913341477270626e-06,7.886484094991431e-10,0.98023933,pixels
55,MHR.6768.jpg,avicularium,101.0557861328125,105.1864013671875,7323.5,327.462983250618,0.987926615405369,0.8582308504954906,0.855855853897714,105.30384063720703,90.12490844726562,71.56504821777344,1201,874,0.16523321955508824,0.0014801606455012494,0.000149153052600749,2.0731157978616685e-06,3.151038369605964e-11,6.290142196041169e-08,-1.8331064746161112e-11,0.9759915,pixels
56,MHR.6768.jpg,avicularium,96.5498046875,87.0771484375,6080.0,292.73506295681,0.9897444245482663,0.8915874672745457,0.9760000593859236,88.38834381103516,86.26702880859375,45.0,1412,2220,0.16051138544109472,0.00023312905666446508,4.746249901546559e-05,5.6035327226918876e-08,-5.990352569965999e-14,-6.870922461224764e-10,-6.901105966883949e-14,0.9705466,pixels
57,MHR.6768.jpg,avicularium,128.051513671875,70.9560546875,6348.0,331.42135405540466,0.9802347127856702,0.7262494348395032,0.5176609295544794,125.99048614501953,65.22035217285156,8.530765533447266,219,740,0.20012923753985248,0.013653754587433526,0.0004165573903992354,2.4503181325586167e-05,-1.6243183606135533e-09,-2.0864767028082908e-06,-1.8681331827458984e-09,0.95252204,pixels
58,MHR.6768.jpg,avicularium,105.27703857421875,86.595458984375,6781.5,318.35028624534607,0.9802688638334779,0.8408628021684086,0.8058252427184466,103.0,83.0,90.0,736,2420,0.1665717360776906,0.0016459659975831392,0.0002250534468415107,3.649026594739968e-06,-1.1788397092212154e-11,-1.1311408873120838e-08,-1.0390371750516095e-10,0.9282662,pixels
59,MHR.6768.jpg,avicularium,119.23883056640625,76.9019775390625,6216.5,317.5218588113785,0.97851408783252,0.7748337785961003,0.5951267428508578,115.14564514160156,68.52625274658203,87.79740142822266,988,1657,0.1858468044837301,0.008253978746031752,0.0003361950313687671,2.3112085318141988e-05,6.802068134792948e-10,2.4784843177761384e-07,-1.9203899900282664e-09,0.92350197,pixels
60,MHR.6768.jpg,avicularium,79.172119140625,81.45068359375,4459.0,250.4507919549942,0.9892401552967277,0.8933106625081256,0.990654095346116,75.66043090820312,74.95331573486328,45.0,1064,2389,0.16043366400220788,0.00010837177016057263,7.0359097890187e-05,9.599315059976072e-08,2.126533816403159e-13,9.34673075775923e-10,-1.304394227222771e-13,0.9185959,pixels
61,MHR.6768.jpg,avicularium,119.9825439453125,89.34881591796875,7287.0,339.0782082080841,0.9789749445825217,0.7964506562577678,0.7241379310344828,116.0,84.0,90.0,866,945,0.1766428811437668,0.004380387961230485,0.0004544141074287869,1.3729763327395441e-05,1.7547500770635058e-10,-1.8655415252236565e-07,-1.0701867166477578e-09,0.9165515,pixels
62,MHR.6768.jpg,avicularium,137.0081787109375,83.343505859375,7449.0,356.87719690799713,0.9804540967423495,0.7349710623065838,0.5262905089444544,135.20162963867188,71.15533447265625,13.13402271270752,420,1082,0.19754236116959173,0.013209310231703806,0.00014487665712466322,1.47429700740199e-05,5.33868894282879e-10,1.0451444707489062e-06,-4.233622092669237e-10,0.90058976,pixels
63,MHR.6768.jpg,avicularium,129.8746337890625,79.2318115234375,7818.0,357.90663516521454,0.9633417534347853,0.7669481965888199,0.5916395318242591,128.16482543945312,75.82737731933594,0.8550973534584045,611,1951,0.18867992958232488,0.009098113781128868,0.00031170083687124454,1.8007279962393013e-05,-7.275031471776941e-10,-1.0396786146202963e-06,1.1361271835721045e-09,0.8995149,pixels
64,MHR.6768.jpg,avicularium,129.0987548828125,93.2137451171875,8189.5,361.80613029003143,0.978902701410471,0.7861680844834881,0.6392045089814956,127.76555633544922,81.66831970214844,3.4682295322418213,1102,1265,0.1818264834424394,0.0064886023595152964,0.0003815454517400828,1.5262976490388502e-05,-1.158259848125141e-09,-1.2290063044460672e-06,-1.2276869469618127e-10,0.87875986,pixels
65,MHR.6768.jpg,avicularium,115.46044921875,78.72909545898438,6354.0,312.93607199192047,0.9838959430164137,0.8153532762367744,0.6576576576576577,111.0,73.0,90.0,824,223,0.1768585192185865,0.005272426258547059,0.00021389401783047002,1.3281324591726609e-05,5.991039170789747e-10,7.892210305071574e-07,-3.7705790001253033e-10,0.7314422,pixels
66,MHR.6768.jpg,avicularium,77.61341857910156,51.849365234375,2147.5,201.9238796234131,0.9109225874867445,0.6618623436055421,0.6318408471476222,69.78553771972656,44.093353271484375,34.114471435546875,253,1238,0.19794316019975822,0.011111790300860484,0.0006865998776415553,0.00010555556245859436,2.732077261425782e-08,1.1095275353693563e-05,7.815616980667706e-09,0.53162444,pixels
67,MHR.6768.jpg,ovicell,234.822998046875,236.235107421875,38666.5,817.4528778791428,0.9211353836624818,0.7271420702179625,0.9347122098623782,231.10964965820312,216.02101135253906,7.169362545013428,511,844,0.17172285843565016,0.0008722285138350987,0.0004099937150852304,2.1159895745851494e-05,-1.9706661779985105e-09,-4.5052189782633547e-07,-2.862835453946383e-11,0.99795204,pixels
68,MHR.6768.jpg,ovicell,276.6993408203125,222.89788818359375,37841.5,864.5899624824524,0.8695097712572236,0.636147505579731,0.7686719003153489,266.6220397949219,204.9448699951172,8.914926528930664,1083,1042,0.1897950691665365,0.004577852485051007,0.0008550459513437881,7.742516696234832e-05,-1.992099121864542e-08,-5.183370348690104e-06,1.1318107238054001e-10,0.9744373,pixels
69,MHR.6768.jpg,ascopore,46.82232666015625,41.171051025390625,1298.0,137.3969682455063,0.979253112033195,0.864032854798151,0.9047619047619048,42.0,38.0,90.0,789,167,0.16168781315428596,0.0006805609536152421,1.5784794843999219e-07,3.7382266156627e-09,-9.009641330297436e-17,8.014873759855504e-11,-1.13355045132753e-17,0.87636346,pixels
70,MHR.6768.jpg,ascopore,59.482666015625,36.44915771484375,1516.5,157.154327750206,0.9714926329276105,0.7716130929023602,0.5699796890241924,57.60272979736328,32.8323860168457,6.709836959838867,1020,471,0.18879663536452515,0.010062259581965298,1.9127571333172922e-05,9.806410688831262e-07,-2.84728753427761e-12,-6.501525120834566e-08,3.1513526408941634e-12,0.8742502,pixels
71,MHR.6768.jpg,ascopore,69.8671875,49.27392578125,2057.5,185.43859767913818,0.9772025647114699,0.7518815690871481,0.5399515257298608,70.82891845703125,38.24418258666992,30.963754653930664,1405,1177,0.19307790852005702,0.011707640548610017,6.535849110717657e-05,9.403835945264682e-06,2.2177039269333536e-10,8.941773498291472e-07,7.190337722212941e-11,0.8427345,pixels
72,MHR.6768.jpg,ascopore,51.345458984375,41.5009765625,1409.0,145.5391036272049,0.9777931991672449,0.8359137433406648,0.7727274035287394,49.048587799072266,37.901187896728516,30.963754653930664,581,559,0.1662218071819912,0.0019295669794590028,0.00010409086077917301,1.8472141325611499e-06,-4.079053785813375e-12,-3.009714052969274e-08,2.5287401883115667e-11,0.830009,pixels
73,MHR.6768.jpg,ascopore,45.7711181640625,42.2490234375,1297.0,135.88224947452545,0.9799773328296184,0.8827228818302719,0.9827586014454335,41.01219177246094,40.305084228515625,45.0,1762,2316,0.15994367468563292,9.507922642105193e-05,3.172664990883396e-05,5.391981871215889e-08,4.7421715537326044e-14,1.3600480079157098e-10,5.2199283804201464e-14,0.82424,pixels
74,MHR.6768.jpg,ascopore,42.2730712890625,48.89208984375,1313.5,143.15432798862457,0.9726027397260274,0.8054358866882748,0.8444444444444444,45.0,38.0,0.0,1752,1424,0.1676570960673885,0.0025349430979079482,1.3036372899702777e-06,9.156629644382316e-08,9.075783298444093e-15,4.32845281235479e-09,3.030623709673724e-14,0.817093,pixels
75,MHR.6768.jpg,ascopore,45.11334228515625,38.8857421875,1220.0,134.56854116916656,0.9744408945686901,0.846608463985362,0.8571428571428571,42.0,36.0,90.0,720,2354,0.16198112421508631,0.0007483771537522405,5.615084582304995e-06,2.76769076504397e-08,-9.041561328515255e-15,-4.3996962940298274e-10,-6.106928514785483e-15,0.7799354,pixels
76,MHR.6768.jpg,ascopore,53.62786865234375,35.2666015625,1220.5,137.49747347831726,0.9826892109500805,0.811256541375917,0.58,50.0,29.0,90.0,377,266,0.18395816754632907,0.008310146155824089,8.070595162924656e-06,3.462829830145002e-07,-5.439717428365177e-13,-3.137677449903697e-08,1.980245269646018e-13,0.6765349,pixels
77,MHR.6768.jpg,ascopore,59.190185546875,47.80908203125,1848.0,171.53910398483276,0.9785544082605242,0.7891972375106576,0.8,55.0,44.0,90.0,1056,1193,0.17266724611461154,0.004260703020417315,3.054041374354099e-05,9.835906867262315e-07,-2.1112886321216894e-12,-4.244154253308926e-08,-4.960238694746929e-12,0.53785664,pixels
78,MHR.6768.jpg,ascopore,49.1968994140625,33.9884033203125,1113.0,130.08326017856598,0.9845201238390093,0.8265368158146787,0.6304347826086957,46.0,29.0,90.0,663,1397,0.17784199023736608,0.005976819440722557,3.7806742379959044e-05,1.3402404511334206e-06,-9.116160152895366e-12,-9.207079943919253e-08,-2.812748933846039e-12,0.51389146,pixels
