,image_id,category,width(bbox),height(bbox),area,perimeter,solidity,circularity,eccentricity,majorAxis,minorAxis,angle,center_x,center_y,hu1,hu2,hu3,hu4,hu5,hu6,hu7,polygon,min_bbox_points,confidence,unit
0,MHR.4640.jpg,orifice,105.185302734375,130.13255310058594,11056.5,400.00714004039764,0.9934408553843389,0.8683444790104153,0.7890625,128.0,101.0,90.0,2348,308,0.16610775226808966,0.0014793465475906162,0.00018970748684985788,3.86871417283602e-06,-9.839643769481992e-11,-1.4166639072895299e-07,3.6093559385873456e-11,"[[2341, 245], [2340, 246], [2337, 246], [2336, 247], [2335, 247], [2334, 248], [2332, 248], [2331, 249], [2330, 249], [2329, 250], [2328, 250], [2327, 251], [2326, 251], [2324, 253], [2323, 253], [2322, 254], [2321, 254], [2318, 257], [2317, 257], [2315, 259], [2314, 259], [2307, 266], [2307, 267], [2305, 269], [2305, 270], [2303, 272], [2303, 273], [2302, 274], [2302, 276], [2300, 278], [2300, 279], [2299, 280], [2299, 281], [2298, 282], [2298, 283], [2297, 284], [2297, 286], [2296, 287], [2296, 289], [2295, 290], [2295, 294], [2294, 295], [2294, 318], [2295, 319], [2295, 324], [2296, 325], [2296, 331], [2297, 332], [2297, 334], [2298, 335], [2298, 337], [2299, 338], [2299, 339], [2300, 340], [2300, 341], [2302, 343], [2302, 344], [2310, 352], [2310, 353], [2311, 354], [2312, 354], [2313, 355], [2314, 355], [2318, 359], [2319, 359], [2321, 361], [2322, 361], [2325, 364], [2326, 364], [2327, 365], [2328, 365], [2330, 367], [2331, 367], [2333, 369], [2335, 369], [2336, 370], [2337, 370], [2338, 371], [2339, 371], [2340, 372], [2341, 372], [2342, 373], [2378, 373], [2379, 372], [2381, 372], [2383, 370], [2384, 370], [2386, 368], [2387, 368], [2387, 367], [2390, 364], [2390, 363], [2391, 362], [2391, 361], [2392, 360], [2392, 358], [2393, 357], [2393, 354], [2394, 353], [2394, 348], [2395, 347], [2395, 283], [2394, 282], [2394, 275], [2393, 274], [2393, 271], [2392, 270], [2392, 266], [2391, 265], [2391, 263], [2390, 262], [2390, 261], [2389, 260], [2389, 258], [2388, 257], [2388, 255], [2387, 254], [2387, 253], [2381, 247], [2380, 247], [2379, 246], [2377, 246], [2376, 245]]","[[2294, 245], [2395, 245], [2395, 373], [2294, 373]]",0.99949825,pixels
1,MHR.4640.jpg,orifice,121.8480224609375,83.13825988769531,7166.5,340.0071403980255,0.9835986824046116,0.7790061637241982,0.6243079435300432,119.52339935302734,74.6194076538086,16.336042404174805,1006,258,0.18156413949986183,0.006453675810770359,0.00037681703955402216,1.585096364905403e-05,-1.2168939807967816e-09,-1.2664291488615332e-06,1.410024436652092e-10,"[[995, 218], [994, 219], [987, 219], [986, 220], [982, 220], [981, 221], [978, 221], [977, 222], [975, 222], [974, 223], [972, 223], [971, 224], [970, 224], [966, 228], [965, 228], [964, 229], [963, 229], [962, 230], [961, 230], [959, 232], [959, 233], [958, 234], [957, 234], [956, 235], [955, 235], [954, 236], [953, 236], [953, 238], [951, 240], [951, 241], [950, 242], [950, 243], [949, 244], [949, 247], [948, 248], [948, 250], [947, 251], [947, 255], [946, 256], [946, 261], [945, 262], [945, 265], [946, 266], [946, 270], [947, 271], [947, 272], [952, 277], [953, 277], [954, 278], [956, 278], [957, 279], [960, 279], [961, 280], [964, 280], [965, 281], [967, 281], [968, 282], [971, 282], [972, 283], [976, 283], [977, 284], [978, 284], [979, 285], [981, 285], [982, 286], [985, 286], [986, 287], [988, 287], [989, 288], [991, 288], [992, 289], [995, 289], [996, 290], [1001, 290], [1002, 291], [1004, 291], [1005, 292], [1007, 292], [1008, 293], [1009, 293], [1010, 294], [1011, 294], [1012, 295], [1014, 295], [1015, 296], [1018, 296], [1019, 297], [1024, 297], [1025, 298], [1028, 298], [1029, 299], [1053, 299], [1056, 296], [1056, 295], [1058, 293], [1058, 292], [1059, 291], [1059, 289], [1060, 288], [1060, 286], [1061, 285], [1061, 284], [1062, 283], [1062, 281], [1063, 280], [1063, 269], [1062, 268], [1062, 264], [1061, 263], [1061, 262], [1060, 261], [1060, 259], [1059, 258], [1059, 256], [1058, 255], [1058, 254], [1056, 252], [1056, 251], [1055, 250], [1055, 249], [1053, 247], [1053, 246], [1051, 244], [1051, 243], [1050, 242], [1050, 241], [1047, 238], [1047, 237], [1037, 227], [1036, 227], [1035, 226], [1034, 226], [1033, 225], [1032, 225], [1031, 224], [1030, 224], [1029, 223], [1028, 223], [1027, 222], [1025, 222], [1024, 221], [1022, 221], [1021, 220], [1017, 220], [1016, 219], [1011, 219], [1010, 218]]","[[940, 274], [961, 202], [1075, 236], [1054, 307]]",0.99907684,pixels
2,MHR.4640.jpg,orifice,86.471923828125,107.3814697265625,5671.5,308.8355675935745,0.9621681228263635,0.7472280712906052,0.5916967355228748,111.39204406738281,65.91030883789062,62.72323226928711,1201,1064,0.19117110612461102,0.008940942073337458,0.0007405746968494179,4.014854648226316e-05,-5.849479647933745e-09,-3.268579223265555e-06,-3.7027528595683513e-09,"[[1175, 1018], [1174, 1019], [1171, 1019], [1170, 1020], [1168, 1020], [1167, 1021], [1166, 1021], [1164, 1023], [1163, 1023], [1162, 1024], [1161, 1024], [1160, 1025], [1160, 1026], [1158, 1028], [1158, 1030], [1157, 1031], [1157, 1039], [1158, 1040], [1158, 1042], [1159, 1043], [1159, 1045], [1160, 1046], [1160, 1048], [1162, 1050], [1162, 1051], [1163, 1052], [1163, 1053], [1165, 1055], [1165, 1056], [1167, 1058], [1167, 1059], [1171, 1063], [1171, 1064], [1173, 1066], [1173, 1067], [1174, 1068], [1174, 1069], [1175, 1070], [1175, 1071], [1177, 1073], [1177, 1074], [1178, 1075], [1178, 1076], [1180, 1078], [1180, 1080], [1181, 1081], [1181, 1083], [1184, 1086], [1184, 1087], [1186, 1089], [1186, 1091], [1187, 1092], [1187, 1094], [1188, 1095], [1188, 1096], [1189, 1097], [1189, 1099], [1190, 1100], [1190, 1103], [1191, 1104], [1191, 1106], [1192, 1107], [1192, 1109], [1193, 1110], [1193, 1112], [1195, 1114], [1195, 1115], [1196, 1116], [1196, 1117], [1200, 1121], [1215, 1121], [1216, 1120], [1217, 1120], [1218, 1119], [1219, 1119], [1221, 1117], [1222, 1117], [1227, 1112], [1227, 1111], [1230, 1108], [1230, 1107], [1232, 1105], [1232, 1104], [1233, 1103], [1233, 1102], [1235, 1100], [1235, 1099], [1236, 1098], [1236, 1097], [1237, 1096], [1237, 1092], [1238, 1091], [1238, 1068], [1237, 1067], [1237, 1062], [1236, 1061], [1236, 1059], [1235, 1058], [1235, 1055], [1234, 1054], [1234, 1050], [1233, 1049], [1233, 1047], [1232, 1046], [1232, 1044], [1231, 1043], [1231, 1042], [1230, 1041], [1230, 1040], [1229, 1039], [1229, 1038], [1225, 1034], [1225, 1033], [1218, 1026], [1217, 1026], [1216, 1025], [1215, 1025], [1214, 1024], [1211, 1024], [1210, 1023], [1208, 1023], [1207, 1022], [1204, 1022], [1203, 1021], [1202, 1021], [1201, 1020], [1197, 1020], [1196, 1019], [1189, 1019], [1188, 1018]]","[[1150, 1029], [1208, 998], [1259, 1097], [1201, 1128]]",0.99879813,pixels
3,MHR.4640.jpg,orifice,107.8763427734375,125.47723388671875,10176.5,393.4629850387573,0.9883455543145729,0.8260389692102942,0.8232112821246079,126.3514404296875,104.01393127441406,86.98721313476562,1673,839,0.17220735969496315,0.0038441435541627864,0.0001004365776322993,4.833012820274419e-06,5.885310851162687e-11,1.1762121624310492e-07,8.873868532145401e-11,"[[1662, 777], [1661, 778], [1643, 778], [1642, 779], [1640, 779], [1639, 780], [1638, 780], [1637, 781], [1636, 781], [1629, 788], [1629, 789], [1628, 790], [1628, 791], [1627, 792], [1627, 794], [1626, 795], [1626, 798], [1625, 799], [1625, 801], [1624, 802], [1624, 804], [1623, 805], [1623, 807], [1622, 808], [1622, 817], [1621, 818], [1621, 821], [1622, 822], [1622, 825], [1621, 826], [1621, 829], [1622, 830], [1622, 839], [1623, 840], [1623, 847], [1624, 848], [1624, 852], [1625, 853], [1625, 856], [1626, 857], [1626, 858], [1627, 859], [1627, 860], [1629, 862], [1629, 863], [1631, 865], [1631, 866], [1632, 867], [1632, 868], [1638, 874], [1639, 874], [1648, 883], [1649, 883], [1650, 884], [1651, 884], [1653, 886], [1654, 886], [1656, 888], [1658, 888], [1659, 889], [1660, 889], [1662, 891], [1663, 891], [1664, 892], [1665, 892], [1666, 893], [1667, 893], [1668, 894], [1669, 894], [1670, 895], [1671, 895], [1672, 896], [1673, 896], [1674, 897], [1676, 897], [1677, 898], [1679, 898], [1680, 899], [1681, 899], [1682, 900], [1686, 900], [1687, 901], [1710, 901], [1711, 900], [1713, 900], [1714, 899], [1715, 899], [1717, 897], [1718, 897], [1725, 890], [1725, 889], [1726, 888], [1726, 885], [1727, 884], [1727, 864], [1726, 863], [1726, 857], [1725, 856], [1725, 854], [1724, 853], [1724, 851], [1723, 850], [1723, 847], [1722, 846], [1722, 844], [1721, 843], [1721, 842], [1720, 841], [1720, 839], [1719, 838], [1719, 837], [1718, 836], [1718, 835], [1717, 834], [1717, 832], [1716, 831], [1716, 827], [1715, 826], [1715, 823], [1714, 822], [1714, 820], [1713, 819], [1713, 817], [1712, 816], [1712, 814], [1711, 813], [1711, 811], [1709, 809], [1709, 807], [1708, 806], [1708, 804], [1707, 803], [1707, 801], [1705, 799], [1705, 798], [1704, 797], [1704, 796], [1703, 795], [1703, 794], [1699, 790], [1699, 789], [1698, 789], [1697, 788], [1697, 787], [1695, 785], [1694, 785], [1693, 784], [1692, 784], [1690, 782], [1688, 782], [1687, 781], [1685, 781], [1684, 780], [1682, 780], [1681, 779], [1679, 779], [1678, 778], [1672, 778], [1671, 777]]","[[1618, 779], [1722, 773], [1728, 900], [1625, 905]]",0.99852353,pixels
4,MHR.4640.jpg,orifice,108.0810546875,127.758544921875,10879.0,394.7350618839264,0.9916142557651991,0.8773793995329066,0.8174603174603174,126.0,103.0,90.0,2414,730,0.16381279716894892,0.0010326491620877669,0.00010342495553134375,1.6554347136274673e-06,-1.869627436523375e-11,-4.917184492549352e-08,1.0938606872306829e-11,"[[2413, 667], [2412, 668], [2408, 668], [2407, 669], [2403, 669], [2402, 670], [2398, 670], [2397, 671], [2395, 671], [2394, 672], [2393, 672], [2391, 674], [2390, 674], [2389, 675], [2388, 675], [2387, 676], [2386, 676], [2382, 680], [2381, 680], [2379, 682], [2379, 683], [2374, 688], [2374, 689], [2371, 692], [2371, 693], [2370, 694], [2370, 695], [2368, 697], [2368, 698], [2367, 699], [2367, 700], [2366, 701], [2366, 702], [2365, 703], [2365, 704], [2364, 705], [2364, 706], [2363, 707], [2363, 710], [2362, 711], [2362, 712], [2361, 713], [2361, 715], [2360, 716], [2360, 720], [2359, 721], [2359, 739], [2360, 740], [2360, 745], [2361, 746], [2361, 747], [2362, 748], [2362, 750], [2363, 751], [2363, 755], [2364, 756], [2364, 757], [2365, 758], [2365, 759], [2366, 760], [2366, 761], [2367, 762], [2367, 764], [2371, 768], [2371, 769], [2374, 772], [2374, 773], [2376, 775], [2377, 775], [2378, 776], [2379, 776], [2382, 779], [2382, 780], [2383, 780], [2387, 784], [2388, 784], [2391, 787], [2393, 787], [2394, 788], [2395, 788], [2396, 789], [2397, 789], [2398, 790], [2399, 790], [2400, 791], [2402, 791], [2403, 792], [2412, 792], [2413, 793], [2436, 793], [2437, 792], [2443, 792], [2444, 791], [2446, 791], [2448, 789], [2449, 789], [2453, 785], [2454, 785], [2455, 784], [2455, 783], [2458, 780], [2458, 779], [2459, 778], [2459, 777], [2460, 776], [2460, 775], [2461, 774], [2461, 771], [2462, 770], [2462, 703], [2461, 702], [2461, 697], [2460, 696], [2460, 695], [2459, 694], [2459, 692], [2458, 691], [2458, 689], [2457, 688], [2457, 687], [2455, 685], [2455, 684], [2454, 683], [2454, 682], [2447, 675], [2446, 675], [2443, 672], [2442, 672], [2441, 671], [2439, 671], [2438, 670], [2434, 670], [2433, 669], [2432, 669], [2431, 668], [2427, 668], [2426, 667]]","[[2359, 667], [2462, 667], [2462, 793], [2359, 793]]",0.9984951,pixels
5,MHR.4640.jpg,orifice,104.9490966796875,117.254638671875,9122.5,362.6345578432083,0.9886745421046927,0.8717367580152073,0.8695652173913043,115.0,100.0,90.0,2013,624,0.1644596008964418,0.0015586082116253012,2.1318173947119114e-05,3.2875838543668535e-07,-7.207370756367291e-13,-1.0519773583037168e-08,-4.878876633588955e-13,"[[1992, 566], [1991, 567], [1989, 567], [1988, 568], [1987, 568], [1986, 569], [1985, 569], [1984, 570], [1983, 570], [1980, 573], [1979, 573], [1977, 575], [1977, 576], [1975, 578], [1975, 579], [1973, 581], [1973, 583], [1972, 584], [1972, 585], [1971, 586], [1971, 588], [1970, 589], [1970, 590], [1969, 591], [1969, 594], [1968, 595], [1968, 598], [1967, 599], [1967, 601], [1966, 602], [1966, 605], [1965, 606], [1965, 609], [1964, 610], [1964, 628], [1965, 629], [1965, 633], [1966, 634], [1966, 636], [1967, 637], [1967, 640], [1968, 641], [1968, 644], [1969, 645], [1969, 646], [1970, 647], [1970, 649], [1971, 650], [1971, 651], [1973, 653], [1973, 654], [1974, 655], [1974, 656], [1976, 658], [1976, 659], [1980, 663], [1980, 664], [1981, 665], [1982, 665], [1983, 666], [1984, 666], [1989, 671], [1990, 671], [1992, 673], [1993, 673], [1996, 676], [1997, 676], [1998, 677], [1999, 677], [2000, 678], [2001, 678], [2002, 679], [2003, 679], [2004, 680], [2008, 680], [2009, 681], [2036, 681], [2037, 680], [2039, 680], [2040, 679], [2041, 679], [2043, 677], [2044, 677], [2057, 664], [2057, 663], [2058, 662], [2058, 661], [2059, 660], [2059, 659], [2061, 657], [2061, 656], [2062, 655], [2062, 654], [2063, 653], [2063, 651], [2064, 650], [2064, 633], [2063, 632], [2063, 630], [2062, 629], [2062, 627], [2061, 626], [2061, 624], [2060, 623], [2060, 622], [2059, 621], [2059, 619], [2058, 618], [2058, 617], [2056, 615], [2056, 614], [2055, 613], [2055, 611], [2054, 610], [2054, 602], [2053, 601], [2053, 599], [2052, 598], [2052, 596], [2051, 595], [2051, 594], [2050, 593], [2050, 592], [2046, 588], [2046, 587], [2044, 585], [2044, 584], [2042, 582], [2042, 581], [2041, 580], [2041, 579], [2033, 571], [2032, 571], [2031, 570], [2029, 570], [2028, 569], [2024, 569], [2023, 568], [2021, 568], [2020, 567], [2018, 567], [2017, 566]]","[[1964, 566], [2064, 566], [2064, 681], [1964, 681]]",0.9984156,pixels
6,MHR.4640.jpg,orifice,109.65118408203125,90.21478271484375,7246.0,327.7645001411438,0.9882705946535734,0.8475871545039603,0.8285714285714286,105.0,87.0,90.0,604,188,0.16865838158178942,0.0028169657964156793,6.22369654506277e-05,1.5095709071857636e-06,-9.413306356651883e-12,-5.7185200758689326e-08,1.120204733926813e-11,"[[603, 145], [602, 146], [595, 146], [594, 147], [592, 147], [591, 148], [589, 148], [588, 149], [587, 149], [586, 150], [585, 150], [584, 151], [583, 151], [582, 152], [581, 152], [579, 154], [578, 154], [576, 156], [575, 156], [568, 163], [567, 163], [565, 165], [565, 166], [564, 167], [564, 168], [561, 171], [561, 172], [559, 174], [559, 176], [558, 177], [558, 178], [557, 179], [557, 180], [556, 181], [556, 183], [555, 184], [555, 186], [554, 187], [554, 190], [553, 191], [553, 194], [552, 195], [552, 214], [553, 215], [553, 216], [554, 217], [554, 218], [555, 219], [555, 220], [556, 221], [556, 222], [561, 227], [562, 227], [563, 228], [564, 228], [565, 229], [566, 229], [567, 230], [571, 230], [572, 231], [576, 231], [577, 232], [583, 232], [584, 231], [593, 231], [594, 230], [605, 230], [606, 229], [608, 229], [609, 228], [611, 228], [612, 227], [614, 227], [615, 226], [616, 226], [617, 225], [618, 225], [619, 224], [620, 224], [622, 222], [623, 222], [624, 221], [626, 221], [627, 220], [628, 220], [631, 217], [632, 217], [633, 216], [634, 216], [635, 215], [636, 215], [637, 214], [639, 214], [640, 213], [641, 213], [642, 212], [643, 212], [644, 211], [645, 211], [646, 210], [647, 210], [648, 209], [649, 209], [650, 208], [651, 208], [655, 204], [655, 202], [656, 201], [656, 196], [657, 195], [657, 173], [656, 172], [656, 166], [655, 165], [655, 162], [648, 155], [647, 155], [644, 152], [643, 152], [642, 151], [640, 151], [639, 150], [637, 150], [636, 149], [634, 149], [633, 148], [630, 148], [629, 147], [625, 147], [624, 146], [619, 146], [618, 145]]","[[552, 145], [657, 145], [657, 232], [552, 232]]",0.9981792,pixels
7,MHR.4640.jpg,orifice,121.86967468261719,74.71121215820312,6915.0,326.79393696784973,0.9909006233431253,0.8136807986805054,0.6206896551724138,116.0,72.0,90.0,288,452,0.1806153260570578,0.006425059937090779,0.00026179589730736757,1.0838363071821706e-05,-5.335779569389428e-10,-8.052836826925219e-07,2.204741372771653e-10,"[[271, 414], [270, 415], [266, 415], [265, 416], [263, 416], [262, 417], [261, 417], [260, 418], [259, 418], [258, 419], [257, 419], [256, 420], [255, 420], [247, 428], [246, 428], [245, 429], [244, 429], [240, 433], [240, 434], [235, 439], [235, 440], [232, 443], [232, 444], [231, 445], [231, 446], [230, 447], [230, 449], [229, 450], [229, 454], [228, 455], [228, 466], [229, 467], [229, 468], [230, 469], [230, 470], [233, 473], [234, 473], [235, 474], [236, 474], [237, 475], [239, 475], [240, 476], [241, 476], [242, 477], [244, 477], [245, 478], [246, 478], [247, 479], [250, 479], [251, 480], [254, 480], [255, 481], [259, 481], [260, 482], [262, 482], [263, 483], [267, 483], [268, 484], [271, 484], [272, 485], [281, 485], [282, 486], [332, 486], [333, 485], [338, 485], [343, 480], [343, 479], [344, 478], [344, 453], [343, 452], [343, 446], [342, 445], [342, 444], [341, 443], [341, 442], [340, 441], [340, 440], [339, 439], [339, 438], [336, 435], [336, 434], [328, 426], [327, 426], [324, 423], [323, 423], [322, 422], [321, 422], [320, 421], [319, 421], [318, 420], [317, 420], [316, 419], [315, 419], [314, 418], [312, 418], [311, 417], [308, 417], [307, 416], [305, 416], [304, 415], [297, 415], [296, 414]]","[[228, 414], [344, 414], [344, 486], [228, 486]]",0.9969369,pixels
8,MHR.4640.jpg,orifice,89.2274169921875,107.1226806640625,6059.5,302.97770261764526,0.9868892508143322,0.8295170510185564,0.6517054707130193,108.20125579833984,70.51535034179688,60.945396423339844,1579,1082,0.17407709042618985,0.004612924116430177,8.042106211837004e-05,3.339357573934373e-06,-6.2614057777550535e-12,-4.375748949511997e-08,-5.4364796070132976e-11,"[[1564, 1033], [1563, 1034], [1562, 1034], [1561, 1035], [1558, 1035], [1557, 1036], [1556, 1036], [1555, 1037], [1554, 1037], [1552, 1039], [1551, 1039], [1547, 1043], [1546, 1043], [1544, 1045], [1544, 1046], [1541, 1049], [1541, 1050], [1540, 1051], [1540, 1052], [1538, 1054], [1538, 1055], [1537, 1056], [1537, 1061], [1536, 1062], [1536, 1068], [1537, 1069], [1537, 1073], [1538, 1074], [1538, 1075], [1539, 1076], [1539, 1077], [1540, 1078], [1540, 1079], [1541, 1080], [1541, 1081], [1542, 1082], [1542, 1083], [1544, 1085], [1544, 1086], [1546, 1088], [1546, 1089], [1547, 1090], [1547, 1091], [1549, 1093], [1549, 1094], [1550, 1095], [1550, 1096], [1552, 1098], [1552, 1100], [1553, 1101], [1553, 1102], [1555, 1104], [1555, 1106], [1556, 1107], [1556, 1108], [1557, 1109], [1557, 1110], [1560, 1113], [1560, 1114], [1561, 1115], [1561, 1116], [1563, 1118], [1563, 1119], [1565, 1121], [1565, 1122], [1572, 1129], [1573, 1129], [1575, 1131], [1576, 1131], [1578, 1133], [1579, 1133], [1580, 1134], [1601, 1134], [1602, 1133], [1604, 1133], [1606, 1131], [1606, 1130], [1608, 1128], [1608, 1127], [1610, 1125], [1610, 1124], [1612, 1122], [1612, 1120], [1613, 1119], [1613, 1118], [1614, 1117], [1614, 1115], [1615, 1114], [1615, 1113], [1616, 1112], [1616, 1110], [1617, 1109], [1617, 1107], [1618, 1106], [1618, 1101], [1619, 1100], [1619, 1089], [1618, 1088], [1618, 1080], [1617, 1079], [1617, 1076], [1616, 1075], [1616, 1074], [1615, 1073], [1615, 1071], [1614, 1070], [1614, 1069], [1613, 1068], [1613, 1066], [1612, 1065], [1612, 1064], [1611, 1063], [1611, 1062], [1609, 1060], [1609, 1059], [1607, 1057], [1607, 1056], [1601, 1050], [1601, 1049], [1593, 1041], [1592, 1041], [1588, 1037], [1587, 1037], [1586, 1036], [1585, 1036], [1584, 1035], [1582, 1035], [1581, 1034], [1580, 1034], [1579, 1033]]","[[1525, 1052], [1586, 1018], [1639, 1113], [1577, 1147]]",0.9968815,pixels
9,MHR.4640.jpg,orifice,91.4007568359375,110.802001953125,6984.0,326.04877030849457,0.9876263876122463,0.8255606066450427,0.6653846411258029,116.27552795410156,77.36795043945312,63.43495178222656,1731,1402,0.17461556639543085,0.004690965809271875,0.0001459640785401312,5.504899307110067e-06,-1.1853790290420522e-11,-7.95208720681236e-08,1.555931118268903e-10,"[[1713, 1348], [1712, 1349], [1706, 1349], [1705, 1350], [1703, 1350], [1702, 1351], [1701, 1351], [1698, 1354], [1697, 1354], [1692, 1359], [1692, 1360], [1691, 1361], [1691, 1362], [1689, 1364], [1689, 1366], [1688, 1367], [1688, 1369], [1687, 1370], [1687, 1385], [1688, 1386], [1688, 1388], [1689, 1389], [1689, 1392], [1690, 1393], [1690, 1394], [1691, 1395], [1691, 1396], [1692, 1397], [1692, 1398], [1694, 1400], [1694, 1403], [1695, 1404], [1695, 1405], [1696, 1406], [1696, 1407], [1697, 1408], [1697, 1412], [1698, 1413], [1698, 1414], [1699, 1415], [1699, 1417], [1700, 1418], [1700, 1419], [1701, 1420], [1701, 1421], [1702, 1422], [1702, 1423], [1704, 1425], [1704, 1426], [1705, 1427], [1705, 1428], [1706, 1429], [1706, 1431], [1708, 1433], [1708, 1434], [1710, 1436], [1710, 1437], [1712, 1439], [1712, 1440], [1713, 1441], [1713, 1442], [1714, 1443], [1714, 1444], [1717, 1447], [1717, 1448], [1725, 1456], [1728, 1456], [1729, 1457], [1747, 1457], [1748, 1456], [1751, 1456], [1752, 1455], [1753, 1455], [1754, 1454], [1755, 1454], [1757, 1452], [1758, 1452], [1767, 1443], [1767, 1442], [1768, 1441], [1769, 1441], [1769, 1440], [1770, 1439], [1770, 1438], [1772, 1436], [1772, 1435], [1773, 1434], [1773, 1433], [1774, 1432], [1774, 1430], [1775, 1429], [1775, 1401], [1774, 1400], [1774, 1396], [1773, 1395], [1773, 1393], [1772, 1392], [1772, 1391], [1771, 1390], [1771, 1388], [1769, 1386], [1769, 1385], [1766, 1382], [1766, 1381], [1764, 1379], [1764, 1378], [1763, 1377], [1763, 1376], [1757, 1370], [1756, 1370], [1750, 1364], [1749, 1364], [1748, 1363], [1747, 1363], [1746, 1362], [1745, 1362], [1743, 1360], [1742, 1360], [1740, 1358], [1739, 1358], [1738, 1357], [1737, 1357], [1736, 1356], [1735, 1356], [1734, 1355], [1733, 1355], [1732, 1354], [1730, 1354], [1729, 1353], [1728, 1353], [1727, 1352], [1726, 1352], [1725, 1351], [1722, 1351], [1721, 1350], [1719, 1350], [1718, 1349], [1714, 1349]]","[[1673, 1365], [1742, 1330], [1794, 1434], [1725, 1469]]",0.9966273,pixels
10,MHR.4640.jpg,orifice,86.97076416015625,94.7313232421875,4574.5,282.149276137352,0.9776661679846121,0.7220971237648308,0.5197369014144094,107.48021697998047,55.86143493652344,45.0,811,978,0.1998760145000668,0.012832699845510125,0.0007168653911354189,4.6410212583523265e-05,-3.6971554346556184e-09,-3.228829407357935e-06,-7.615201011706869e-09,"[[787, 939], [786, 940], [782, 940], [781, 941], [780, 941], [779, 942], [777, 942], [776, 943], [775, 943], [774, 944], [773, 944], [771, 946], [770, 946], [769, 947], [769, 948], [766, 951], [766, 952], [765, 953], [765, 958], [766, 959], [766, 962], [768, 964], [768, 965], [769, 966], [769, 967], [771, 969], [771, 970], [775, 974], [775, 976], [776, 977], [776, 978], [784, 986], [785, 986], [791, 992], [792, 992], [796, 996], [796, 997], [800, 1001], [801, 1001], [802, 1002], [802, 1003], [812, 1013], [812, 1014], [813, 1014], [815, 1016], [815, 1017], [824, 1026], [825, 1026], [826, 1027], [827, 1027], [828, 1028], [829, 1028], [830, 1029], [838, 1029], [839, 1028], [840, 1028], [842, 1026], [842, 1025], [843, 1024], [843, 1022], [844, 1021], [844, 1019], [845, 1018], [845, 1017], [846, 1016], [846, 1012], [847, 1011], [847, 1009], [848, 1008], [848, 989], [847, 988], [847, 985], [846, 984], [846, 983], [845, 982], [845, 980], [844, 979], [844, 977], [843, 976], [843, 973], [842, 972], [842, 969], [841, 968], [841, 967], [839, 965], [839, 964], [837, 962], [836, 962], [835, 961], [835, 960], [833, 958], [833, 957], [832, 956], [832, 955], [831, 954], [830, 954], [826, 950], [826, 949], [824, 949], [823, 948], [822, 948], [820, 946], [819, 946], [818, 945], [816, 945], [815, 944], [814, 944], [813, 943], [812, 943], [811, 942], [808, 942], [807, 941], [801, 941], [800, 940], [794, 940], [793, 939]]","[[757, 959], [796, 919], [872, 995], [833, 1035]]",0.9954181,pixels
11,MHR.4640.jpg,orifice,97.14723205566406,85.03857421875,4700.0,284.53405153751373,0.9727827796750491,0.7295233989117194,0.5406894404454434,104.99927520751953,56.77199935913086,36.65610885620117,84,1169,0.19694061685327885,0.01212065452974533,0.0003817199424603958,2.244714592681508e-05,-1.5980566096546225e-09,-2.0309482854232493e-06,-1.3280339770132652e-09,"[[73, 1131], [72, 1132], [61, 1132], [60, 1133], [55, 1133], [54, 1134], [52, 1134], [51, 1135], [50, 1135], [49, 1136], [48, 1136], [45, 1139], [44, 1139], [43, 1140], [42, 1140], [41, 1141], [41, 1142], [37, 1146], [37, 1147], [36, 1148], [36, 1150], [35, 1151], [35, 1155], [36, 1156], [36, 1159], [37, 1160], [37, 1161], [40, 1164], [40, 1165], [41, 1166], [42, 1166], [52, 1176], [53, 1176], [56, 1179], [57, 1179], [58, 1180], [59, 1180], [61, 1182], [62, 1182], [64, 1184], [65, 1184], [68, 1187], [69, 1187], [70, 1188], [71, 1188], [72, 1189], [72, 1190], [73, 1190], [76, 1193], [77, 1193], [83, 1199], [84, 1199], [87, 1202], [88, 1202], [91, 1205], [92, 1205], [95, 1208], [96, 1208], [99, 1211], [100, 1211], [101, 1212], [103, 1212], [104, 1213], [105, 1213], [106, 1214], [114, 1214], [115, 1213], [117, 1213], [121, 1209], [121, 1208], [122, 1207], [122, 1205], [123, 1204], [123, 1201], [124, 1200], [124, 1198], [126, 1196], [126, 1195], [127, 1194], [127, 1191], [128, 1190], [128, 1180], [127, 1179], [127, 1178], [126, 1177], [126, 1175], [125, 1174], [125, 1173], [124, 1172], [124, 1171], [123, 1170], [123, 1169], [122, 1168], [122, 1167], [119, 1164], [119, 1163], [117, 1161], [116, 1161], [113, 1158], [112, 1158], [103, 1149], [105, 1147], [96, 1138], [95, 1138], [93, 1136], [91, 1136], [90, 1135], [89, 1135], [87, 1133], [83, 1133], [82, 1132], [74, 1132]]","[[27, 1158], [61, 1112], [146, 1175], [112, 1220]]",0.99535024,pixels
12,MHR.4640.jpg,orifice,104.946044921875,93.32843017578125,5208.5,295.8061294555664,0.9789493468658961,0.748011362232424,0.6063735259894014,107.07084655761719,64.9249267578125,35.21759033203125,419,892,0.18511595820282722,0.0063270111351551896,0.0009403694019078466,3.8963142155150965e-05,-7.2417645382995665e-09,-3.0334461247293628e-06,-1.783427826118655e-09,"[[410, 855], [409, 856], [402, 856], [401, 857], [397, 857], [396, 858], [393, 858], [392, 859], [390, 859], [389, 860], [388, 860], [387, 861], [386, 861], [384, 863], [383, 863], [381, 865], [380, 865], [377, 868], [376, 868], [372, 872], [371, 872], [368, 875], [368, 876], [367, 877], [367, 878], [366, 879], [366, 885], [367, 886], [367, 887], [368, 888], [368, 889], [371, 892], [372, 892], [374, 894], [375, 894], [376, 895], [377, 895], [378, 896], [379, 896], [382, 899], [383, 899], [386, 902], [387, 902], [388, 903], [389, 903], [390, 904], [390, 905], [391, 905], [392, 906], [393, 906], [396, 909], [397, 909], [400, 912], [401, 912], [405, 916], [406, 916], [408, 918], [409, 918], [410, 919], [411, 919], [414, 922], [415, 922], [416, 923], [417, 923], [419, 925], [420, 925], [421, 926], [422, 926], [427, 931], [428, 931], [430, 933], [431, 933], [434, 936], [435, 936], [436, 937], [437, 937], [438, 938], [439, 938], [440, 939], [442, 939], [443, 940], [450, 940], [451, 939], [453, 939], [456, 936], [456, 935], [457, 934], [457, 930], [458, 929], [458, 925], [459, 924], [459, 919], [460, 918], [460, 914], [459, 913], [459, 907], [460, 906], [460, 900], [461, 899], [461, 895], [460, 894], [460, 889], [459, 888], [459, 887], [457, 885], [457, 884], [455, 882], [455, 881], [454, 880], [454, 879], [453, 878], [453, 877], [451, 875], [451, 874], [449, 872], [449, 871], [440, 862], [439, 862], [434, 857], [432, 857], [431, 856], [425, 856], [424, 855]]","[[360, 884], [398, 831], [485, 893], [448, 946]]",0.99414754,pixels
13,MHR.4640.jpg,orifice,112.6435546875,98.42724609375,6953.0,336.534050822258,0.9793647439960561,0.7714789260053571,0.6383345051336272,118.92034149169922,75.91095733642578,31.82744598388672,1167,683,0.18179868525999932,0.005430655817229959,0.0007858514472806426,3.049653552908258e-05,-4.677918054933659e-09,-2.209755566635668e-06,6.373021032927878e-10,"[[1151, 641], [1150, 642], [1144, 642], [1143, 643], [1141, 643], [1140, 644], [1138, 644], [1137, 645], [1135, 645], [1134, 646], [1132, 646], [1129, 649], [1127, 649], [1126, 650], [1125, 650], [1123, 652], [1122, 652], [1121, 653], [1120, 653], [1116, 657], [1115, 657], [1110, 662], [1110, 663], [1108, 665], [1108, 666], [1107, 667], [1107, 669], [1106, 670], [1106, 674], [1105, 675], [1106, 676], [1106, 679], [1107, 680], [1107, 681], [1108, 682], [1108, 683], [1112, 687], [1113, 687], [1116, 690], [1117, 690], [1118, 691], [1120, 691], [1125, 696], [1126, 696], [1127, 697], [1128, 697], [1129, 698], [1130, 698], [1131, 699], [1132, 699], [1133, 700], [1135, 700], [1136, 701], [1137, 701], [1140, 704], [1141, 704], [1142, 705], [1143, 705], [1144, 706], [1145, 706], [1147, 708], [1148, 708], [1151, 711], [1152, 711], [1154, 713], [1155, 713], [1156, 714], [1157, 714], [1158, 715], [1159, 715], [1160, 716], [1161, 716], [1163, 718], [1164, 718], [1166, 720], [1167, 720], [1168, 721], [1169, 721], [1171, 723], [1172, 723], [1175, 726], [1176, 726], [1180, 730], [1181, 730], [1183, 732], [1184, 732], [1185, 733], [1186, 733], [1188, 735], [1191, 735], [1192, 736], [1199, 736], [1200, 735], [1203, 735], [1207, 731], [1207, 730], [1208, 729], [1208, 728], [1209, 727], [1209, 726], [1210, 725], [1210, 724], [1211, 723], [1211, 721], [1212, 720], [1212, 719], [1213, 718], [1213, 714], [1214, 713], [1214, 679], [1213, 678], [1213, 675], [1212, 674], [1212, 673], [1211, 672], [1211, 671], [1210, 670], [1210, 669], [1209, 668], [1209, 667], [1208, 666], [1208, 665], [1206, 663], [1206, 662], [1203, 659], [1203, 658], [1197, 652], [1196, 652], [1193, 649], [1192, 649], [1190, 647], [1189, 647], [1188, 646], [1186, 646], [1185, 645], [1182, 645], [1181, 644], [1179, 644], [1178, 643], [1175, 643], [1174, 642], [1168, 642], [1167, 641]]","[[1098, 679], [1138, 615], [1239, 677], [1199, 742]]",0.99282724,pixels
14,MHR.4640.jpg,orifice,67.670166015625,118.2132568359375,6003.5,313.237587928772,0.9833742833742833,0.7688942920648821,0.5478260869565217,115.0,63.0,90.0,1296,1467,0.1948810653960068,0.01205392797985639,0.00012389033209994125,1.0202810821102132e-05,4.680909245641519e-11,-9.970996074635628e-08,-3.5970966212199954e-10,"[[1285, 1410], [1284, 1411], [1281, 1411], [1280, 1412], [1279, 1412], [1278, 1413], [1277, 1413], [1274, 1416], [1273, 1416], [1273, 1417], [1271, 1419], [1271, 1420], [1270, 1421], [1270, 1422], [1269, 1423], [1269, 1424], [1268, 1425], [1268, 1426], [1267, 1427], [1267, 1430], [1266, 1431], [1266, 1435], [1265, 1436], [1265, 1455], [1266, 1456], [1266, 1460], [1267, 1461], [1267, 1467], [1268, 1468], [1268, 1473], [1269, 1474], [1269, 1480], [1270, 1481], [1270, 1488], [1271, 1489], [1271, 1500], [1272, 1501], [1272, 1509], [1273, 1510], [1273, 1513], [1274, 1514], [1274, 1516], [1276, 1518], [1276, 1519], [1281, 1524], [1283, 1524], [1284, 1525], [1306, 1525], [1307, 1524], [1309, 1524], [1310, 1523], [1311, 1523], [1314, 1520], [1314, 1519], [1318, 1515], [1318, 1514], [1319, 1513], [1319, 1512], [1320, 1511], [1320, 1510], [1321, 1509], [1321, 1508], [1322, 1507], [1322, 1505], [1323, 1504], [1323, 1502], [1324, 1501], [1324, 1498], [1325, 1497], [1325, 1493], [1326, 1492], [1326, 1487], [1327, 1486], [1327, 1477], [1328, 1476], [1328, 1448], [1327, 1447], [1327, 1443], [1326, 1442], [1326, 1440], [1325, 1439], [1325, 1438], [1324, 1437], [1324, 1436], [1323, 1435], [1323, 1433], [1322, 1432], [1322, 1430], [1319, 1427], [1319, 1426], [1318, 1425], [1318, 1424], [1315, 1421], [1314, 1421], [1312, 1419], [1312, 1418], [1311, 1418], [1310, 1417], [1309, 1417], [1308, 1416], [1307, 1416], [1305, 1414], [1304, 1414], [1303, 1413], [1302, 1413], [1301, 1412], [1298, 1412], [1297, 1411], [1293, 1411], [1292, 1410]]","[[1265, 1410], [1328, 1410], [1328, 1525], [1265, 1525]]",0.99102217,pixels
15,MHR.4640.jpg,orifice,101.91204833984375,98.08087158203125,6735.0,324.3919162750244,0.9743218806509946,0.8042802748107627,0.7167325432794648,109.26801300048828,78.3159408569336,30.256441116333008,794,596,0.1726197552567687,0.0035172644799950953,0.0002695484367211586,9.70283696676662e-06,-1.870842640711388e-10,-2.993669341651459e-07,-4.595921817415358e-10,"[[775, 552], [774, 553], [770, 553], [769, 554], [767, 554], [766, 555], [765, 555], [764, 556], [763, 556], [762, 557], [761, 557], [760, 558], [759, 558], [756, 561], [755, 561], [752, 564], [752, 565], [748, 569], [748, 570], [746, 572], [746, 573], [745, 574], [745, 575], [744, 576], [744, 578], [743, 579], [743, 582], [742, 583], [742, 599], [746, 603], [748, 603], [749, 604], [749, 605], [750, 606], [750, 607], [752, 609], [753, 609], [754, 610], [755, 610], [756, 611], [756, 612], [755, 613], [755, 614], [757, 616], [759, 616], [760, 617], [764, 617], [765, 618], [766, 618], [767, 619], [768, 619], [771, 622], [772, 622], [774, 624], [775, 624], [776, 625], [778, 625], [780, 627], [781, 627], [783, 629], [784, 629], [785, 630], [786, 630], [789, 633], [790, 633], [791, 634], [792, 634], [796, 638], [797, 638], [798, 639], [799, 639], [800, 640], [801, 640], [805, 644], [806, 644], [807, 645], [808, 645], [809, 646], [811, 646], [812, 647], [823, 647], [824, 646], [826, 646], [827, 645], [829, 645], [831, 643], [831, 642], [832, 641], [832, 640], [834, 638], [834, 637], [835, 636], [835, 635], [836, 634], [836, 633], [837, 632], [837, 629], [838, 628], [838, 627], [840, 625], [840, 620], [841, 619], [841, 608], [840, 607], [840, 598], [839, 597], [839, 593], [838, 592], [838, 590], [837, 589], [837, 586], [836, 585], [836, 584], [835, 583], [835, 582], [834, 581], [834, 580], [833, 579], [833, 578], [828, 573], [828, 572], [821, 565], [821, 564], [820, 564], [816, 560], [815, 560], [813, 558], [812, 558], [811, 557], [809, 557], [808, 556], [807, 556], [806, 555], [805, 555], [804, 554], [800, 554], [799, 553], [792, 553], [791, 552]]","[[729, 600], [769, 532], [863, 587], [824, 655]]",0.9858301,pixels
16,MHR.4640.jpg,orifice,112.9677734375,83.80157470703125,6760.0,324.4507911205292,0.9865012769062386,0.8069727786570006,0.6699813897735815,112.37744140625,75.2907943725586,12.094758033752441,1403,353,0.1760555767367254,0.0048437110362354405,0.00021952685315574784,7.608016601426941e-06,-2.6847677328629957e-10,-4.502822988745699e-07,1.5681999965250696e-10,"[[1388, 314], [1387, 315], [1381, 315], [1380, 316], [1377, 316], [1376, 317], [1375, 317], [1374, 318], [1373, 318], [1372, 319], [1370, 319], [1369, 320], [1367, 320], [1365, 322], [1364, 322], [1363, 323], [1362, 323], [1361, 324], [1360, 324], [1358, 326], [1357, 326], [1355, 328], [1355, 329], [1352, 332], [1352, 333], [1351, 334], [1351, 336], [1350, 337], [1350, 338], [1349, 339], [1349, 340], [1348, 341], [1348, 344], [1347, 345], [1347, 349], [1346, 350], [1346, 363], [1347, 364], [1347, 365], [1349, 367], [1350, 367], [1352, 369], [1353, 369], [1356, 372], [1358, 372], [1359, 373], [1362, 373], [1363, 374], [1364, 374], [1365, 375], [1366, 375], [1367, 376], [1368, 376], [1369, 377], [1370, 377], [1371, 378], [1373, 378], [1374, 379], [1375, 379], [1376, 380], [1378, 380], [1379, 381], [1382, 381], [1383, 382], [1384, 382], [1385, 383], [1387, 383], [1388, 384], [1389, 384], [1390, 385], [1392, 385], [1393, 386], [1394, 386], [1395, 387], [1397, 387], [1398, 388], [1400, 388], [1401, 389], [1402, 389], [1403, 390], [1404, 390], [1405, 391], [1407, 391], [1408, 392], [1411, 392], [1412, 393], [1416, 393], [1417, 394], [1443, 394], [1444, 393], [1446, 393], [1450, 389], [1451, 389], [1452, 388], [1452, 387], [1453, 386], [1453, 383], [1454, 382], [1454, 357], [1453, 356], [1453, 349], [1452, 348], [1452, 346], [1451, 345], [1451, 343], [1450, 342], [1450, 341], [1449, 340], [1449, 339], [1448, 338], [1448, 337], [1446, 335], [1446, 334], [1445, 333], [1445, 332], [1442, 329], [1441, 329], [1436, 324], [1435, 324], [1434, 323], [1433, 323], [1432, 322], [1431, 322], [1430, 321], [1429, 321], [1428, 320], [1427, 320], [1426, 319], [1422, 319], [1421, 318], [1417, 318], [1416, 317], [1413, 317], [1412, 316], [1407, 316], [1406, 315], [1399, 315], [1398, 314]]","[[1340, 377], [1355, 303], [1465, 327], [1449, 401]]",0.98005277,pixels
17,MHR.4640.jpg,orifice,87.567626953125,121.6954345703125,6893.0,343.5634891986847,0.9834498501926096,0.7338446510364621,0.5262390779685607,127.38701629638672,67.03602600097656,21.801410675048828,2209,1443,0.19445719796983107,0.01125718857619306,0.00037548709185844905,2.2938872039458994e-05,-1.6470081166026997e-09,-2.0592901700862776e-06,-1.3489204591859589e-09,"[[2209, 1381], [2208, 1382], [2207, 1382], [2206, 1383], [2205, 1383], [2201, 1387], [2201, 1388], [2199, 1390], [2199, 1391], [2198, 1392], [2198, 1393], [2196, 1395], [2196, 1397], [2195, 1398], [2195, 1400], [2194, 1401], [2194, 1403], [2193, 1404], [2193, 1405], [2192, 1406], [2192, 1408], [2191, 1409], [2191, 1411], [2190, 1412], [2190, 1413], [2189, 1414], [2189, 1415], [2188, 1416], [2188, 1417], [2187, 1418], [2187, 1420], [2186, 1421], [2186, 1423], [2185, 1424], [2185, 1425], [2184, 1426], [2184, 1427], [2183, 1428], [2183, 1430], [2182, 1431], [2182, 1433], [2181, 1434], [2181, 1435], [2180, 1436], [2180, 1437], [2179, 1438], [2179, 1440], [2178, 1441], [2178, 1442], [2177, 1443], [2177, 1444], [2176, 1445], [2176, 1448], [2175, 1449], [2175, 1450], [2174, 1451], [2174, 1452], [2173, 1453], [2173, 1455], [2172, 1456], [2172, 1457], [2171, 1458], [2171, 1460], [2170, 1461], [2170, 1465], [2169, 1466], [2169, 1468], [2168, 1469], [2168, 1472], [2167, 1473], [2167, 1476], [2166, 1477], [2166, 1486], [2165, 1487], [2165, 1491], [2166, 1492], [2166, 1496], [2167, 1497], [2168, 1497], [2169, 1498], [2186, 1498], [2187, 1499], [2188, 1499], [2189, 1498], [2191, 1498], [2192, 1499], [2194, 1499], [2195, 1498], [2207, 1498], [2208, 1497], [2210, 1497], [2211, 1496], [2212, 1496], [2213, 1495], [2214, 1495], [2216, 1493], [2217, 1493], [2224, 1486], [2224, 1485], [2228, 1481], [2229, 1481], [2229, 1480], [2232, 1477], [2232, 1476], [2233, 1475], [2233, 1474], [2236, 1471], [2236, 1470], [2238, 1468], [2238, 1467], [2239, 1466], [2239, 1465], [2240, 1464], [2240, 1463], [2241, 1462], [2241, 1460], [2242, 1459], [2242, 1458], [2243, 1457], [2243, 1456], [2244, 1455], [2244, 1454], [2245, 1453], [2245, 1451], [2246, 1450], [2246, 1448], [2247, 1447], [2247, 1446], [2248, 1445], [2248, 1442], [2249, 1441], [2249, 1437], [2250, 1436], [2250, 1413], [2249, 1412], [2249, 1410], [2248, 1409], [2248, 1407], [2247, 1406], [2247, 1405], [2246, 1404], [2246, 1403], [2244, 1401], [2244, 1400], [2238, 1394], [2238, 1393], [2233, 1388], [2232, 1388], [2231, 1387], [2230, 1387], [2229, 1386], [2228, 1386], [2226, 1384], [2225, 1384], [2224, 1383], [2223, 1383], [2222, 1382], [2220, 1382], [2219, 1381]]","[[2156, 1493], [2204, 1374], [2266, 1399], [2218, 1518]]",0.9796714,pixels
18,MHR.4640.jpg,orifice,75.1717529296875,96.5947265625,4130.5,270.3502857685089,0.96687734082397,0.7101642804850407,0.5382104611330678,99.78502655029297,53.705345153808594,62.676109313964844,841,1360,0.20066163186830321,0.012776881569544391,0.0007703416273909702,5.368043984391243e-05,-4.261637049403712e-09,-3.0547680561925663e-06,-1.00498130838791e-08,"[[825, 1319], [824, 1320], [819, 1320], [818, 1321], [817, 1321], [816, 1322], [814, 1322], [813, 1323], [811, 1323], [810, 1324], [809, 1324], [807, 1326], [806, 1326], [803, 1329], [803, 1331], [802, 1332], [802, 1334], [803, 1335], [803, 1337], [804, 1338], [804, 1339], [805, 1340], [805, 1341], [806, 1342], [806, 1343], [809, 1346], [809, 1347], [811, 1349], [811, 1350], [812, 1351], [812, 1352], [814, 1354], [814, 1355], [815, 1356], [815, 1358], [816, 1359], [816, 1360], [817, 1361], [817, 1362], [818, 1363], [818, 1364], [819, 1365], [819, 1366], [820, 1367], [820, 1368], [822, 1370], [822, 1372], [823, 1373], [823, 1374], [825, 1376], [825, 1377], [826, 1378], [826, 1380], [827, 1381], [827, 1382], [828, 1383], [828, 1384], [830, 1386], [830, 1387], [832, 1389], [832, 1390], [833, 1391], [833, 1394], [834, 1395], [834, 1397], [835, 1398], [835, 1399], [836, 1400], [836, 1401], [837, 1402], [837, 1403], [839, 1405], [839, 1406], [844, 1411], [845, 1411], [846, 1412], [855, 1412], [856, 1411], [858, 1411], [862, 1407], [862, 1406], [863, 1405], [863, 1404], [865, 1402], [865, 1401], [866, 1400], [866, 1399], [867, 1398], [867, 1396], [868, 1395], [868, 1393], [869, 1392], [869, 1391], [870, 1390], [870, 1383], [871, 1382], [871, 1365], [872, 1364], [872, 1360], [871, 1359], [871, 1355], [870, 1354], [870, 1353], [869, 1352], [869, 1350], [868, 1349], [868, 1346], [863, 1341], [862, 1341], [860, 1339], [860, 1338], [859, 1337], [859, 1336], [858, 1335], [858, 1334], [857, 1333], [857, 1332], [854, 1329], [854, 1328], [853, 1328], [847, 1322], [846, 1322], [845, 1321], [844, 1321], [843, 1320], [840, 1320], [839, 1319]]","[[798, 1329], [846, 1304], [892, 1393], [844, 1417]]",0.97728515,pixels
19,MHR.4640.jpg,orifice,72.72723388671875,118.57373046875,6046.0,313.6223635673523,0.9738262060078924,0.7724385854931229,0.5775377900467731,113.19209289550781,65.37271118164062,89.09062194824219,998,1718,0.18700067960932887,0.008617156324603364,0.0002513915694667883,1.3564496009777882e-05,-7.103975903498124e-10,-1.2051295130437039e-06,3.5037135309984034e-10,"[[981, 1663], [980, 1664], [977, 1664], [976, 1665], [975, 1665], [973, 1667], [972, 1667], [971, 1668], [971, 1669], [969, 1671], [969, 1672], [968, 1673], [968, 1676], [967, 1677], [967, 1679], [968, 1680], [968, 1688], [969, 1689], [969, 1691], [970, 1692], [970, 1695], [971, 1696], [971, 1707], [970, 1708], [970, 1710], [969, 1711], [969, 1719], [968, 1720], [968, 1742], [969, 1743], [969, 1746], [970, 1747], [970, 1752], [971, 1753], [971, 1755], [972, 1756], [972, 1757], [973, 1758], [973, 1759], [974, 1760], [974, 1762], [976, 1764], [976, 1766], [977, 1767], [977, 1768], [983, 1774], [984, 1774], [985, 1775], [987, 1775], [988, 1776], [994, 1776], [995, 1775], [998, 1775], [999, 1774], [1000, 1774], [1001, 1773], [1002, 1773], [1003, 1772], [1004, 1772], [1005, 1771], [1006, 1771], [1007, 1770], [1008, 1770], [1009, 1769], [1010, 1769], [1011, 1768], [1012, 1768], [1016, 1764], [1017, 1764], [1020, 1761], [1020, 1760], [1026, 1754], [1026, 1752], [1027, 1751], [1027, 1750], [1028, 1749], [1028, 1748], [1029, 1747], [1029, 1746], [1030, 1745], [1030, 1744], [1031, 1743], [1031, 1742], [1032, 1741], [1032, 1729], [1033, 1728], [1033, 1718], [1032, 1717], [1032, 1704], [1031, 1703], [1031, 1701], [1030, 1700], [1030, 1697], [1029, 1696], [1029, 1693], [1028, 1692], [1028, 1689], [1027, 1688], [1027, 1687], [1026, 1686], [1026, 1685], [1025, 1684], [1025, 1683], [1023, 1681], [1023, 1680], [1022, 1679], [1022, 1678], [1020, 1676], [1020, 1675], [1018, 1673], [1017, 1673], [1014, 1670], [1013, 1670], [1012, 1669], [1010, 1669], [1009, 1668], [1007, 1668], [1006, 1667], [1004, 1667], [1003, 1666], [1002, 1666], [1001, 1665], [998, 1665], [997, 1664], [993, 1664], [992, 1663]]","[[966, 1663], [1032, 1662], [1033, 1775], [968, 1776]]",0.87946934,pixels
20,MHR.4640.jpg,orifice,95.33126831054688,96.572998046875,5383.5,299.80612993240356,0.9665170556552962,0.7526508644215898,0.5845753856247661,109.49337768554688,64.00713348388672,56.611488342285156,473,1272,0.188752267157773,0.009136917898007541,0.00031329853808549803,1.695994406814204e-05,-9.783155040983594e-10,-1.4389819578830634e-06,7.558304853361727e-10,"[[450, 1228], [449, 1229], [446, 1229], [445, 1230], [444, 1230], [443, 1231], [442, 1231], [441, 1232], [439, 1232], [438, 1233], [437, 1233], [436, 1234], [435, 1234], [434, 1235], [433, 1235], [429, 1239], [429, 1240], [425, 1244], [425, 1250], [426, 1251], [426, 1252], [427, 1253], [427, 1254], [428, 1255], [428, 1256], [430, 1258], [430, 1259], [431, 1260], [431, 1261], [436, 1266], [436, 1267], [437, 1268], [437, 1269], [444, 1276], [444, 1277], [450, 1283], [450, 1284], [452, 1286], [452, 1287], [454, 1289], [454, 1290], [455, 1291], [455, 1292], [456, 1293], [456, 1295], [457, 1296], [457, 1299], [458, 1300], [458, 1301], [459, 1302], [459, 1303], [460, 1304], [460, 1305], [462, 1307], [462, 1308], [465, 1311], [466, 1311], [468, 1313], [469, 1313], [471, 1315], [472, 1315], [474, 1317], [475, 1317], [477, 1319], [479, 1319], [480, 1320], [481, 1320], [482, 1321], [501, 1321], [502, 1320], [503, 1320], [503, 1319], [505, 1317], [505, 1316], [507, 1314], [509, 1314], [510, 1313], [510, 1312], [511, 1311], [511, 1308], [512, 1307], [512, 1306], [513, 1305], [513, 1303], [512, 1302], [512, 1294], [511, 1293], [511, 1290], [512, 1289], [512, 1285], [511, 1284], [511, 1283], [512, 1282], [512, 1279], [511, 1278], [511, 1269], [510, 1268], [510, 1267], [509, 1266], [509, 1265], [508, 1264], [508, 1263], [507, 1262], [507, 1260], [505, 1258], [505, 1257], [502, 1254], [501, 1254], [496, 1249], [496, 1248], [494, 1246], [494, 1245], [489, 1240], [488, 1240], [486, 1238], [485, 1238], [484, 1237], [483, 1237], [480, 1234], [478, 1234], [477, 1233], [475, 1233], [474, 1232], [472, 1232], [471, 1231], [470, 1231], [469, 1230], [468, 1230], [467, 1229], [464, 1229], [463, 1228]]","[[419, 1243], [473, 1208], [533, 1299], [479, 1335]]",0.71540135,pixels
21,MHR.4640.jpg,orifice,108.4296875,86.8455810546875,5740.0,303.56348979473114,0.9766887867959844,0.7827492905664811,0.6276471854241713,106.59545135498047,66.90433502197266,66.61477661132812,2343,1592,0.18064841111508778,0.006358218062823183,0.00025482970000843076,1.1564853539783575e-05,-6.04387422941526e-10,-9.017699380024942e-07,-1.6992334057295503e-10,"[[2364, 1551], [2363, 1552], [2361, 1552], [2360, 1553], [2358, 1553], [2357, 1554], [2355, 1554], [2354, 1555], [2352, 1555], [2351, 1556], [2349, 1556], [2348, 1557], [2348, 1559], [2346, 1561], [2343, 1561], [2342, 1562], [2341, 1562], [2340, 1563], [2339, 1563], [2338, 1564], [2335, 1564], [2334, 1565], [2333, 1565], [2332, 1566], [2330, 1566], [2329, 1567], [2327, 1567], [2326, 1568], [2324, 1568], [2323, 1569], [2322, 1569], [2321, 1570], [2318, 1570], [2317, 1571], [2315, 1571], [2314, 1572], [2312, 1572], [2310, 1574], [2309, 1574], [2307, 1576], [2306, 1576], [2304, 1578], [2303, 1578], [2302, 1579], [2301, 1579], [2298, 1582], [2297, 1582], [2296, 1583], [2295, 1583], [2291, 1587], [2290, 1587], [2290, 1588], [2289, 1589], [2289, 1591], [2288, 1592], [2288, 1596], [2289, 1597], [2289, 1601], [2290, 1602], [2290, 1603], [2292, 1605], [2292, 1606], [2294, 1608], [2294, 1609], [2297, 1612], [2297, 1613], [2299, 1615], [2299, 1616], [2306, 1623], [2307, 1623], [2308, 1624], [2309, 1624], [2310, 1625], [2311, 1625], [2312, 1626], [2314, 1626], [2315, 1627], [2317, 1627], [2318, 1628], [2320, 1628], [2321, 1629], [2325, 1629], [2326, 1630], [2342, 1630], [2343, 1629], [2345, 1629], [2346, 1628], [2350, 1628], [2351, 1627], [2352, 1627], [2353, 1626], [2355, 1626], [2356, 1625], [2358, 1625], [2359, 1624], [2360, 1624], [2361, 1623], [2362, 1623], [2363, 1622], [2364, 1622], [2365, 1621], [2366, 1621], [2370, 1617], [2371, 1617], [2378, 1610], [2379, 1610], [2386, 1603], [2386, 1601], [2387, 1600], [2387, 1599], [2389, 1597], [2389, 1595], [2390, 1594], [2390, 1593], [2391, 1592], [2391, 1591], [2392, 1590], [2392, 1584], [2393, 1583], [2393, 1578], [2392, 1577], [2392, 1572], [2391, 1571], [2391, 1569], [2390, 1568], [2390, 1566], [2388, 1564], [2388, 1563], [2387, 1562], [2387, 1561], [2386, 1560], [2386, 1559], [2380, 1553], [2378, 1553], [2377, 1552], [2374, 1552], [2373, 1551]]","[[2282, 1584], [2379, 1542], [2406, 1604], [2308, 1646]]",0.5144071,pixels
